,ID,Title,Difficulty,Repetitions,Done,Data structure used,Algorithm Used,Complexity,Needs Repetition,Notes
1,1,Two Sum,Easy,3,0,,,,,
2,53,Maximum Subarray,Easy,3,0,,,,,
3,70,Climbing Stairs,Easy,3,0,,,,,
4,206,Reverse Linked List,Easy,3,0,,,,,
5,231,Power of Two,Easy,3,0,,,,,
6,415,Add Strings,Easy,3,0,,,,,
7,706,Design HashMap,Easy,3,0,,,,,
8,2,Add Two Numbers,Medium,3,0,,,,,
9,8,String to Integer (atoi),Medium,3,0,,,,,
10,22,Generate Parentheses,Medium,3,0,,,,,
11,33,Search in Rotated Sorted Array,Medium,3,0,,,,,
12,48,Rotate Image,Medium,3,0,,,,,
13,64,Minimum Path Sum,Medium,3,0,,,,,
14,114,Flatten Binary Tree to Linked List,Medium,3,0,,,,,
15,146,LRU Cache,Medium,3,0,,,,,
16,151,Reverse Words in a String,Medium,3,0,,,,,
17,199,Binary Tree Right Side View,Medium,3,0,,,,,
18,200,Number of Islands,Medium,3,0,,,,,
19,739,Daily Temperatures,Medium,3,0,,,,,
20,23,Merge k Sorted Lists,Hard,3,0,,,,,
21,42,Trapping Rain Water,Hard,3,0,,,,,
22,97,Interleaving String,Medium,3,0,,,,,
23,7,Reverse Integer,Medium,2,0,,,,,
24,9,Palindrome Number,Easy,2,0,,,,,
25,13,Roman to Integer,Easy,2,0,,,,,
26,14,Longest Common Prefix,Easy,2,0,,,,,
27,20,Valid Parentheses,Easy,2,0,,,,,
28,21,Merge Two Sorted Lists,Easy,2,0,,,,,
29,26,Remove Duplicates from Sorted Array,Easy,2,0,,,,,
30,28,Implement strStr(),Easy,2,0,,,,,
31,35,Search Insert Position,Easy,2,0,,,,,
32,38,Count and Say,Medium,2,0,,,,,
33,66,Plus One,Easy,2,0,,,,,
34,67,Add Binary,Easy,2,0,,,,,
35,69,Sqrt(x),Easy,2,0,,,,,
36,83,Remove Duplicates from Sorted List,Easy,2,0,,,,,
37,88,Merge Sorted Array,Easy,2,0,,,,,
38,100,Same Tree,Easy,2,0,,,,,
39,101,Symmetric Tree,Easy,2,0,,,,,
40,104,Maximum Depth of Binary Tree,Easy,2,0,,,,,
41,108,Convert Sorted Array to Binary Search Tree,Easy,2,0,,,,,
42,110,Balanced Binary Tree,Easy,2,0,,,,,
43,118,Pascal's Triangle,Easy,2,0,,,,,
44,121,Best Time to Buy and Sell Stock,Easy,2,0,,,,,
45,122,Best Time to Buy and Sell Stock II,Easy,2,0,,,,,
46,125,Valid Palindrome,Easy,2,0,,,,,
47,136,Single Number,Easy,2,0,,,,,
48,141,Linked List Cycle,Easy,2,0,,,,,
49,155,Min Stack,Easy,2,0,,,,,
50,167,Two Sum II - Input array is sorted,Easy,2,0,,,,,
51,168,Excel Sheet Column Title,Easy,2,0,,,,,
52,169,Majority Element,Easy,2,0,,,,,
53,171,Excel Sheet Column Number,Easy,2,0,,,,,
54,175,Combine Two Tables,Easy,2,0,,,,,
55,176,Second Highest Salary,Easy,2,0,,,,,
56,181,Employees Earning More Than Their Managers,Easy,2,0,,,,,
57,190,Reverse Bits,Easy,2,0,,,,,
58,191,Number of 1 Bits,Easy,2,0,,,,,
59,195,Tenth Line,Easy,2,0,,,,,
60,198,House Robber,Easy,2,0,,,,,
61,202,Happy Number,Easy,2,0,,,,,
62,203,Remove Linked List Elements,Easy,2,0,,,,,
63,204,Count Primes,Easy,2,0,,,,,
64,219,Contains Duplicate II,Easy,2,0,,,,,
65,226,Invert Binary Tree,Easy,2,0,,,,,
66,232,Implement Queue using Stacks,Easy,2,0,,,,,
67,234,Palindrome Linked List,Easy,2,0,,,,,
68,237,Delete Node in a Linked List,Easy,2,0,,,,,
69,242,Valid Anagram,Easy,2,0,,,,,
70,257,Binary Tree Paths,Easy,2,0,,,,,
71,266,Palindrome Permutation,Easy,2,0,,,,,
72,268,Missing Number,Easy,2,0,,,,,
73,283,Move Zeroes,Easy,2,0,,,,,
74,326,Power of Three,Easy,2,0,,,,,
75,344,Reverse String,Easy,2,0,,,,,
76,345,Reverse Vowels of a String,Easy,2,0,,,,,
77,349,Intersection of Two Arrays,Easy,2,0,,,,,
78,350,Intersection of Two Arrays II,Easy,2,0,,,,,
79,359,Logger Rate Limiter,Easy,2,0,,,,,
80,374,Guess Number Higher or Lower,Easy,2,0,,,,,
81,387,First Unique Character in a String,Easy,2,0,,,,,
82,401,Binary Watch,Easy,2,0,,,,,
83,412,Fizz Buzz,Easy,2,0,,,,,
84,443,String Compression,Easy,2,0,,,,,
85,448,Find All Numbers Disappeared in an Array,Easy,2,0,,,,,
86,463,Island Perimeter,Easy,2,0,,,,,
87,530,Minimum Absolute Difference in BST,Easy,2,0,,,,,
88,543,Diameter of Binary Tree,Easy,2,0,,,,,
89,669,Trim a Binary Search Tree,Easy,2,0,,,,,
90,674,Longest Continuous Increasing Subsequence,Easy,2,0,,,,,
91,687,Longest Univalue Path,Easy,2,0,,,,,
92,700,Search in a Binary Search Tree,Easy,2,0,,,,,
93,703,Kth Largest Element in a Stream,Easy,2,0,,,,,
94,709,To Lower Case,Easy,2,0,,,,,
95,724,Find Pivot Index,Easy,2,0,,,,,
96,733,Flood Fill,Easy,2,0,,,,,
97,766,Toeplitz Matrix,Easy,2,0,,,,,
98,771,Jewels and Stones,Easy,2,0,,,,,
99,804,Unique Morse Code Words,Easy,2,0,,,,,
100,811,Subdomain Visit Count,Easy,2,0,,,,,
101,819,Most Common Word,Easy,2,0,,,,,
102,821,Shortest Distance to a Character,Easy,2,0,,,,,
103,836,Rectangle Overlap,Easy,2,0,,,,,
104,905,Sort Array By Parity,Easy,2,0,,,,,
105,938,Range Sum of BST,Easy,2,0,,,,,
106,977,Squares of a Sorted Array,Easy,2,0,,,,,
107,1021,Remove Outermost Parentheses,Easy,2,0,,,,,
108,1108,Defanging an IP Address,Easy,2,0,,,,,
109,1114,Print in Order,Easy,2,0,,,,,
110,3,Longest Substring Without Repeating Characters,Medium,2,0,,,,,
111,5,Longest Palindromic Substring,Medium,2,0,,,,,
112,6,ZigZag Conversion,Medium,2,0,,,,,
113,11,Container With Most Water,Medium,2,0,,,,,
114,12,Integer to Roman,Medium,2,0,,,,,
115,15,3Sum,Medium,2,0,,,,,
116,16,3Sum Closest,Medium,2,0,,,,,
117,17,Letter Combinations of a Phone Number,Medium,2,0,,,,,
118,18,4Sum,Medium,2,0,,,,,
119,19,Remove Nth Node From End of List,Medium,2,0,,,,,
120,24,Swap Nodes in Pairs,Medium,2,0,,,,,
121,29,Divide Two Integers,Medium,2,0,,,,,
122,31,Next Permutation,Medium,2,0,,,,,
123,34,Find First and Last Position of Element in Sorted Array,Medium,2,0,,,,,
124,36,Valid Sudoku,Medium,2,0,,,,,
125,39,Combination Sum,Medium,2,0,,,,,
126,40,Combination Sum II,Medium,2,0,,,,,
127,43,Multiply Strings,Medium,2,0,,,,,
128,46,Permutations,Medium,2,0,,,,,
129,49,Group Anagrams,Medium,2,0,,,,,
130,50,Pow(x;n),Medium,2,0,,,,,
131,54,Spiral Matrix,Medium,2,0,,,,,
132,55,Jump Game,Medium,2,0,,,,,
133,56,Merge Intervals,Medium,2,0,,,,,
134,59,Spiral Matrix II,Medium,2,0,,,,,
135,62,Unique Paths,Medium,2,0,,,,,
136,63,Unique Paths II,Medium,2,0,,,,,
137,74,Search a 2D Matrix,Medium,2,0,,,,,
138,75,Sort Colors,Medium,2,0,,,,,
139,77,Combinations,Medium,2,0,,,,,
140,78,Subsets,Medium,2,0,,,,,
141,79,Word Search,Medium,2,0,,,,,
142,82,Remove Duplicates from Sorted List II,Medium,2,0,,,,,
143,91,Decode Ways,Medium,2,0,,,,,
144,92,Reverse Linked List II,Medium,2,0,,,,,
145,94,Binary Tree Inorder Traversal,Medium,2,0,,,,,
146,96,Unique Binary Search Trees,Medium,2,0,,,,,
147,98,Validate Binary Search Tree,Medium,2,0,,,,,
148,102,Binary Tree Level Order Traversal,Medium,2,0,,,,,
149,103,Binary Tree Zigzag Level Order Traversal,Medium,2,0,,,,,
150,105,Construct Binary Tree from Preorder and Inorder Traversal,Medium,2,0,,,,,
151,113,Path Sum II,Medium,2,0,,,,,
152,116,Populating Next Right Pointers in Each Node,Medium,2,0,,,,,
153,120,Triangle,Medium,2,0,,,,,
154,127,Word Ladder,Medium,2,0,,,,,
155,133,Clone Graph,Medium,2,0,,,,,
156,134,Gas Station,Medium,2,0,,,,,
157,138,Copy List with Random Pointer,Medium,2,0,,,,,
158,139,Word Break,Medium,2,0,,,,,
159,142,Linked List Cycle II,Medium,2,0,,,,,
160,143,Reorder List,Medium,2,0,,,,,
161,153,Find Minimum in Rotated Sorted Array,Medium,2,0,,,,,
162,162,Find Peak Element,Medium,2,0,,,,,
163,165,Compare Version Numbers,Medium,2,0,,,,,
164,166,Fraction to Recurring Decimal,Medium,2,0,,,,,
165,173,Binary Search Tree Iterator,Medium,2,0,,,,,
166,177,Nth Highest Salary,Medium,2,0,,,,,
167,179,Largest Number,Medium,2,0,,,,,
168,187,Repeated DNA Sequences,Medium,2,0,,,,,
169,207,Course Schedule,Medium,2,0,,,,,
170,208,Implement Trie (Prefix Tree),Medium,2,0,,,,,
171,209,Minimum Size Subarray Sum,Medium,2,0,,,,,
172,210,Course Schedule II,Medium,2,0,,,,,
173,211,Add and Search Word - Data structure design,Medium,2,0,,,,,
174,215,Kth Largest Element in an Array,Medium,2,0,,,,,
175,220,Contains Duplicate III,Medium,2,0,,,,,
176,221,Maximal Square,Medium,2,0,,,,,
177,223,Rectangle Area,Medium,2,0,,,,,
178,227,Basic Calculator II,Medium,2,0,,,,,
179,229,Majority Element II,Medium,2,0,,,,,
180,230,Kth Smallest Element in a BST,Medium,2,0,,,,,
181,236,Lowest Common Ancestor of a Binary Tree,Medium,2,0,,,,,
182,238,Product of Array Except Self,Medium,2,0,,,,,
183,240,Search a 2D Matrix II,Medium,2,0,,,,,
184,251,Flatten 2D Vector,Medium,2,0,,,,,
185,253,Meeting Rooms II,Medium,2,0,,,,,
186,277,Find the Celebrity,Medium,2,0,,,,,
187,279,Perfect Squares,Medium,2,0,,,,,
188,281,Zigzag Iterator,Medium,2,0,,,,,
189,284,Peeking Iterator,Medium,2,0,,,,,
190,286,Walls and Gates,Medium,2,0,,,,,
191,287,Find the Duplicate Number,Medium,2,0,,,,,
192,300,Longest Increasing Subsequence,Medium,2,0,,,,,
193,304,Range Sum Query 2D - Immutable,Medium,2,0,,,,,
194,309,Best Time to Buy and Sell Stock with Cooldown,Medium,2,0,,,,,
195,310,Minimum Height Trees,Medium,2,0,,,,,
196,311,Sparse Matrix Multiplication,Medium,2,0,,,,,
197,322,Coin Change,Medium,2,0,,,,,
198,332,Reconstruct Itinerary,Medium,2,0,,,,,
199,333,Largest BST Subtree,Medium,2,0,,,,,
200,341,Flatten Nested List Iterator,Medium,2,0,,,,,
201,343,Integer Break,Medium,2,0,,,,,
202,347,Top K Frequent Elements,Medium,2,0,,,,,
203,348,Design Tic-Tac-Toe,Medium,2,0,,,,,
204,351,Android Unlock Patterns,Medium,2,0,,,,,
205,353,Design Snake Game,Medium,2,0,,,,,
206,362,Design Hit Counter,Medium,2,0,,,,,
207,371,Sum of Two Integers,Medium,2,0,,,,,
208,373,Find K Pairs with Smallest Sums,Medium,2,0,,,,,
209,378,Kth Smallest Element in a Sorted Matrix,Medium,2,0,,,,,
210,380,Insert Delete GetRandom O(1),Medium,2,0,,,,,
211,384,Shuffle an Array,Medium,2,0,,,,,
212,388,Longest Absolute File Path,Medium,2,0,,,,,
213,393,UTF-8 Validation,Medium,2,0,,,,,
214,394,Decode String,Medium,2,0,,,,,
215,406,Queue Reconstruction by Height,Medium,2,0,,,,,
216,416,Partition Equal Subset Sum,Medium,2,0,,,,,
217,417,Pacific Atlantic Water Flow,Medium,2,0,,,,,
218,419,Battleships in a Board,Medium,2,0,,,,,
219,427,Construct Quad Tree,Medium,2,0,,,,,
220,430,Flatten a Multilevel Doubly Linked List,Medium,2,0,,,,,
221,435,Non-overlapping Intervals,Medium,2,0,,,,,
222,442,Find All Duplicates in an Array,Medium,2,0,,,,,
223,445,Add Two Numbers II,Medium,2,0,,,,,
224,450,Delete Node in a BST,Medium,2,0,,,,,
225,486,Predict the Winner,Medium,2,0,,,,,
226,490,The Maze,Medium,2,0,,,,,
227,498,Diagonal Traverse,Medium,2,0,,,,,
228,518,Coin Change 2,Medium,2,0,,,,,
229,525,Contiguous Array,Medium,2,0,,,,,
230,528,Random Pick with Weight,Medium,2,0,,,,,
231,540,Single Element in a Sorted Array,Medium,2,0,,,,,
232,542,01 Matrix,Medium,2,0,,,,,
233,549,Binary Tree Longest Consecutive Sequence II,Medium,2,0,,,,,
234,560,Subarray Sum Equals K,Medium,2,0,,,,,
235,582,Kill Process,Medium,2,0,,,,,
236,609,Find Duplicate File in System,Medium,2,0,,,,,
237,621,Task Scheduler,Medium,2,0,,,,,
238,622,Design Circular Queue,Medium,2,0,,,,,
239,636,Exclusive Time of Functions,Medium,2,0,,,,,
240,647,Palindromic Substrings,Medium,2,0,,,,,
241,658,Find K Closest Elements,Medium,2,0,,,,,
242,688,Knight Probability in Chessboard,Medium,2,0,,,,,
243,692,Top K Frequent Words,Medium,2,0,,,,,
244,694,Number of Distinct Islands,Medium,2,0,,,,,
245,695,Max Area of Island,Medium,2,0,,,,,
246,721,Accounts Merge,Medium,2,0,,,,,
247,729,My Calendar I,Medium,2,0,,,,,
248,767,Reorganize String,Medium,2,0,,,,,
249,837,New 21 Game,Medium,2,0,,,,,
250,863,All Nodes Distance K in Binary Tree,Medium,2,0,,,,,
251,886,Possible Bipartition,Medium,2,0,,,,,
252,890,Find and Replace Pattern,Medium,2,0,,,,,
253,909,Snakes and Ladders,Medium,2,0,,,,,
254,911,Online Election,Medium,2,0,,,,,
255,931,Minimum Falling Path Sum,Medium,2,0,,,,,
256,939,Minimum Area Rectangle,Medium,2,0,,,,,
257,973,K Closest Points to Origin,Medium,2,0,,,,,
258,981,Time Based Key-Value Store,Medium,2,0,,,,,
259,986,Interval List Intersections,Medium,2,0,,,,,
260,1011,Capacity To Ship Packages Within D Days,Medium,2,0,,,,,
261,1060,Missing Element in Sorted Array,Medium,2,0,,,,,
262,1146,Snapshot Array,Medium,2,0,,,,,
263,1197,Minimum Knight Moves,Medium,2,0,,,,,
264,1229,Meeting Scheduler,Medium,2,0,,,,,
265,4,Median of Two Sorted Arrays,Hard,2,0,,,,,
266,10,Regular Expression Matching,Hard,2,0,,,,,
267,25,Reverse Nodes in k-Group,Hard,2,0,,,,,
268,30,Substring with Concatenation of All Words,Hard,2,0,,,,,
269,32,Longest Valid Parentheses,Hard,2,0,,,,,
270,37,Sudoku Solver,Hard,2,0,,,,,
271,41,First Missing Positive,Hard,2,0,,,,,
272,45,Jump Game II,Hard,2,0,,,,,
273,51,N-Queens,Hard,2,0,,,,,
274,57,Insert Interval,Hard,2,0,,,,,
275,60,Permutation Sequence,Hard,2,0,,,,,
276,65,Valid Number,Hard,2,0,,,,,
277,68,Text Justification,Hard,2,0,,,,,
278,72,Edit Distance,Hard,2,0,,,,,
279,76,Minimum Window Substring,Hard,2,0,,,,,
280,87,Scramble String,Hard,2,0,,,,,
281,123,Best Time to Buy and Sell Stock III,Hard,2,0,,,,,
282,124,Binary Tree Maximum Path Sum,Hard,2,0,,,,,
283,126,Word Ladder II,Hard,2,0,,,,,
284,128,Longest Consecutive Sequence,Hard,2,0,,,,,
285,135,Candy,Hard,2,0,,,,,
286,140,Word Break II,Hard,2,0,,,,,
287,149,Max Points on a Line,Hard,2,0,,,,,
288,188,Best Time to Buy and Sell Stock IV,Hard,2,0,,,,,
289,212,Word Search II,Hard,2,0,,,,,
290,218,The Skyline Problem,Hard,2,0,,,,,
291,239,Sliding Window Maximum,Hard,2,0,,,,,
292,269,Alien Dictionary,Hard,2,0,,,,,
293,273,Integer to English Words,Hard,2,0,,,,,
294,282,Expression Add Operators,Hard,2,0,,,,,
295,295,Find Median from Data Stream,Hard,2,0,,,,,
296,297,Serialize and Deserialize Binary Tree,Hard,2,0,,,,,
297,301,Remove Invalid Parentheses,Hard,2,0,,,,,
298,315,Count of Smaller Numbers After Self,Hard,2,0,,,,,
299,316,Remove Duplicate Letters,Hard,2,0,,,,,
300,329,Longest Increasing Path in a Matrix,Hard,2,0,,,,,
301,336,Palindrome Pairs,Hard,2,0,,,,,
302,381,Insert Delete GetRandom O(1) - Duplicates allowed,Hard,2,0,,,,,
303,391,Perfect Rectangle,Hard,2,0,,,,,
304,403,Frog Jump,Hard,2,0,,,,,
305,407,Trapping Rain Water II,Hard,2,0,,,,,
306,428,Serialize and Deserialize N-ary Tree,Hard,2,0,,,,,
307,460,LFU Cache,Hard,2,0,,,,,
308,472,Concatenated Words,Hard,2,0,,,,,
309,480,Sliding Window Median,Hard,2,0,,,,,
310,632,Smallest Range Covering Elements from K Lists,Hard,2,0,,,,,
311,642,Design Search Autocomplete System,Hard,2,0,,,,,
312,741,Cherry Pickup,Hard,2,0,,,,,
313,772,Basic Calculator III,Hard,2,0,,,,,
314,895,Maximum Frequency Stack,Hard,2,0,,,,,
315,1044,Longest Duplicate Substring,Hard,2,0,,,,,
316,1095,Find in Mountain Array,Hard,2,0,,,,,
317,27,Remove Element,Easy,1,0,,,,,
318,107,Binary Tree Level Order Traversal II,Easy,1,0,,,,,
319,111,Minimum Depth of Binary Tree,Easy,1,0,,,,,
320,112,Path Sum,Easy,1,0,,,,,
321,119,Pascal's Triangle II,Easy,1,0,,,,,
322,157,Read N Characters Given Read4,Easy,1,0,,,,,
323,160,Intersection of Two Linked Lists,Easy,1,0,,,,,
324,193,Valid Phone Numbers,Easy,1,0,,,,,
325,205,Isomorphic Strings,Easy,1,0,,,,,
326,217,Contains Duplicate,Easy,1,0,,,,,
327,235,Lowest Common Ancestor of a Binary Search Tree,Easy,1,0,,,,,
328,243,Shortest Word Distance,Easy,1,0,,,,,
329,246,Strobogrammatic Number,Easy,1,0,,,,,
330,252,Meeting Rooms,Easy,1,0,,,,,
331,256,Paint House,Easy,1,0,,,,,
332,258,Add Digits,Easy,1,0,,,,,
333,270,Closest Binary Search Tree Value,Easy,1,0,,,,,
334,276,Paint Fence,Easy,1,0,,,,,
335,278,First Bad Version,Easy,1,0,,,,,
336,290,Word Pattern,Easy,1,0,,,,,
337,293,Flip Game,Easy,1,0,,,,,
338,299,Bulls and Cows,Easy,1,0,,,,,
339,303,Range Sum Query - Immutable,Easy,1,0,,,,,
340,346,Moving Average from Data Stream,Easy,1,0,,,,,
341,367,Valid Perfect Square,Easy,1,0,,,,,
342,383,Ransom Note,Easy,1,0,,,,,
343,389,Find the Difference,Easy,1,0,,,,,
344,392,Is Subsequence,Easy,1,0,,,,,
345,404,Sum of Left Leaves,Easy,1,0,,,,,
346,408,Valid Word Abbreviation,Easy,1,0,,,,,
347,409,Longest Palindrome,Easy,1,0,,,,,
348,414,Third Maximum Number,Easy,1,0,,,,,
349,422,Valid Word Square,Easy,1,0,,,,,
350,447,Number of Boomerangs,Easy,1,0,,,,,
351,453,Minimum Moves to Equal Array Elements,Easy,1,0,,,,,
352,459,Repeated Substring Pattern,Easy,1,0,,,,,
353,475,Heaters,Easy,1,0,,,,,
354,482,License Key Formatting,Easy,1,0,,,,,
355,485,Max Consecutive Ones,Easy,1,0,,,,,
356,496,Next Greater Element I,Easy,1,0,,,,,
357,501,Find Mode in Binary Search Tree,Easy,1,0,,,,,
358,504,Base 7,Easy,1,0,,,,,
359,509,Fibonacci Number,Easy,1,0,,,,,
360,541,Reverse String II,Easy,1,0,,,,,
361,551,Student Attendance Record I,Easy,1,0,,,,,
362,557,Reverse Words in a String III,Easy,1,0,,,,,
363,559,Maximum Depth of N-ary Tree,Easy,1,0,,,,,
364,561,Array Partition I,Easy,1,0,,,,,
365,572,Subtree of Another Tree,Easy,1,0,,,,,
366,581,Shortest Unsorted Continuous Subarray,Easy,1,0,,,,,
367,594,Longest Harmonious Subsequence,Easy,1,0,,,,,
368,604,Design Compressed String Iterator,Easy,1,0,,,,,
369,617,Merge Two Binary Trees,Easy,1,0,,,,,
370,628,Maximum Product of Three Numbers,Easy,1,0,,,,,
371,643,Maximum Average Subarray I,Easy,1,0,,,,,
372,657,Robot Return to Origin,Easy,1,0,,,,,
373,661,Image Smoother,Easy,1,0,,,,,
374,665,Non-decreasing Array,Easy,1,0,,,,,
375,680,Valid Palindrome II,Easy,1,0,,,,,
376,682,Baseball Game,Easy,1,0,,,,,
377,686,Repeated String Match,Easy,1,0,,,,,
378,690,Employee Importance,Easy,1,0,,,,,
379,705,Design HashSet,Easy,1,0,,,,,
380,716,Max Stack,Easy,1,0,,,,,
381,717,1-bit and 2-bit Characters,Easy,1,0,,,,,
382,720,Longest Word in Dictionary,Easy,1,0,,,,,
383,734,Sentence Similarity,Easy,1,0,,,,,
384,747,Largest Number At Least Twice of Others,Easy,1,0,,,,,
385,748,Shortest Completing Word,Easy,1,0,,,,,
386,758,Bold Words in String,Easy,1,0,,,,,
387,760,Find Anagram Mappings,Easy,1,0,,,,,
388,783,Minimum Distance Between BST Nodes,Easy,1,0,,,,,
389,788,Rotated Digits,Easy,1,0,,,,,
390,796,Rotate String,Easy,1,0,,,,,
391,800,Similar RGB Color,Easy,1,0,,,,,
392,806,Number of Lines To Write String,Easy,1,0,,,,,
393,812,Largest Triangle Area,Easy,1,0,,,,,
394,830,Positions of Large Groups,Easy,1,0,,,,,
395,832,Flipping an Image,Easy,1,0,,,,,
396,840,Magic Squares In Grid,Easy,1,0,,,,,
397,844,Backspace String Compare,Easy,1,0,,,,,
398,849,Maximize Distance to Closest Person,Easy,1,0,,,,,
399,852,Peak Index in a Mountain Array,Easy,1,0,,,,,
400,859,Buddy Strings,Easy,1,0,,,,,
401,867,Transpose Matrix,Easy,1,0,,,,,
402,872,Leaf-Similar Trees,Easy,1,0,,,,,
403,876,Middle of the Linked List,Easy,1,0,,,,,
404,914,X of a Kind in a Deck of Cards,Easy,1,0,,,,,
405,917,Reverse Only Letters,Easy,1,0,,,,,
406,925,Long Pressed Name,Easy,1,0,,,,,
407,929,Unique Email Addresses,Easy,1,0,,,,,
408,933,Number of Recent Calls,Easy,1,0,,,,,
409,937,Reorder Data in Log Files,Easy,1,0,,,,,
410,941,Valid Mountain Array,Easy,1,0,,,,,
411,942,DI String Match,Easy,1,0,,,,,
412,949,Largest Time for Given Digits,Easy,1,0,,,,,
413,961,N-Repeated Element in Size 2N Array,Easy,1,0,,,,,
414,965,Univalued Binary Tree,Easy,1,0,,,,,
415,989,Add to Array-Form of Integer,Easy,1,0,,,,,
416,997,Find the Town Judge,Easy,1,0,,,,,
417,1002,Find Common Characters,Easy,1,0,,,,,
418,1025,Divisor Game,Easy,1,0,,,,,
419,1029,Two City Scheduling,Easy,1,0,,,,,
420,1047,Remove All Adjacent Duplicates In String,Easy,1,0,,,,,
421,1051,Height Checker,Easy,1,0,,,,,
422,1056,Confusing Number,Easy,1,0,,,,,
423,1089,Duplicate Zeros,Easy,1,0,,,,,
424,1099,Two Sum Less Than K,Easy,1,0,,,,,
425,1122,Relative Sort Array,Easy,1,0,,,,,
426,1165,Single-Row Keyboard,Easy,1,0,,,,,
427,1170,Compare Strings by Frequency of the Smallest Character,Easy,1,0,,,,,
428,1179,Reformat Department Table,Easy,1,0,,,,,
429,1221,Split a String in Balanced Strings,Easy,1,0,,,,,
430,1237,Find Positive Integer Solution for a Given Equation,Easy,1,0,,,,,
431,1275,Find Winner on a Tic Tac Toe Game,Easy,1,0,,,,,
432,1281,Subtract the Product and Sum of Digits of an Integer,Easy,1,0,,,,,
433,1313,Decompress Run-Length Encoded List,Easy,1,0,,,,,
434,1342,Number of Steps to Reduce a Number to Zero,Easy,1,0,,,,,
435,1365,How Many Numbers Are Smaller Than the Current Number,Easy,1,0,,,,,
436,1480,Running Sum of 1d Array,Easy,1,0,,,,,
437,47,Permutations II,Medium,1,0,,,,,
438,73,Set Matrix Zeroes,Medium,1,0,,,,,
439,80,Remove Duplicates from Sorted Array II,Medium,1,0,,,,,
440,81,Search in Rotated Sorted Array II,Medium,1,0,,,,,
441,86,Partition List,Medium,1,0,,,,,
442,93,Restore IP Addresses,Medium,1,0,,,,,
443,95,Unique Binary Search Trees II,Medium,1,0,,,,,
444,109,Convert Sorted List to Binary Search Tree,Medium,1,0,,,,,
445,117,Populating Next Right Pointers in Each Node II,Medium,1,0,,,,,
446,129,Sum Root to Leaf Numbers,Medium,1,0,,,,,
447,130,Surrounded Regions,Medium,1,0,,,,,
448,131,Palindrome Partitioning,Medium,1,0,,,,,
449,137,Single Number II,Medium,1,0,,,,,
450,144,Binary Tree Preorder Traversal,Medium,1,0,,,,,
451,148,Sort List,Medium,1,0,,,,,
452,150,Evaluate Reverse Polish Notation,Medium,1,0,,,,,
453,152,Maximum Product Subarray,Medium,1,0,,,,,
454,156,Binary Tree Upside Down,Medium,1,0,,,,,
455,159,Longest Substring with At Most Two Distinct Characters,Medium,1,0,,,,,
456,161,One Edit Distance,Medium,1,0,,,,,
457,163,Missing Ranges,Medium,1,0,,,,,
458,178,Rank Scores,Medium,1,0,,,,,
459,180,Consecutive Numbers,Medium,1,0,,,,,
460,184,Department Highest Salary,Medium,1,0,,,,,
461,192,Word Frequency,Medium,1,0,,,,,
462,213,House Robber II,Medium,1,0,,,,,
463,216,Combination Sum III,Medium,1,0,,,,,
464,222,Count Complete Tree Nodes,Medium,1,0,,,,,
465,228,Summary Ranges,Medium,1,0,,,,,
466,241,Different Ways to Add Parentheses,Medium,1,0,,,,,
467,247,Strobogrammatic Number II,Medium,1,0,,,,,
468,249,Group Shifted Strings,Medium,1,0,,,,,
469,250,Count Univalue Subtrees,Medium,1,0,,,,,
470,254,Factor Combinations,Medium,1,0,,,,,
471,259,3Sum Smaller,Medium,1,0,,,,,
472,260,Single Number III,Medium,1,0,,,,,
473,261,Graph Valid Tree,Medium,1,0,,,,,
474,267,Palindrome Permutation II,Medium,1,0,,,,,
475,271,Encode and Decode Strings,Medium,1,0,,,,,
476,274,H-Index,Medium,1,0,,,,,
477,280,Wiggle Sort,Medium,1,0,,,,,
478,285,Inorder Successor in BST,Medium,1,0,,,,,
479,288,Unique Word Abbreviation,Medium,1,0,,,,,
480,289,Game of Life,Medium,1,0,,,,,
481,294,Flip Game II,Medium,1,0,,,,,
482,298,Binary Tree Longest Consecutive Sequence,Medium,1,0,,,,,
483,307,Range Sum Query - Mutable,Medium,1,0,,,,,
484,313,Super Ugly Number,Medium,1,0,,,,,
485,314,Binary Tree Vertical Order Traversal,Medium,1,0,,,,,
486,318,Maximum Product of Word Lengths,Medium,1,0,,,,,
487,320,Generalized Abbreviation,Medium,1,0,,,,,
488,323,Number of Connected Components in an Undirected Graph,Medium,1,0,,,,,
489,324,Wiggle Sort II,Medium,1,0,,,,,
490,325,Maximum Size Subarray Sum Equals k,Medium,1,0,,,,,
491,328,Odd Even Linked List,Medium,1,0,,,,,
492,331,Verify Preorder Serialization of a Binary Tree,Medium,1,0,,,,,
493,334,Increasing Triplet Subsequence,Medium,1,0,,,,,
494,337,House Robber III,Medium,1,0,,,,,
495,338,Counting Bits,Medium,1,0,,,,,
496,356,Line Reflection,Medium,1,0,,,,,
497,357,Count Numbers with Unique Digits,Medium,1,0,,,,,
498,360,Sort Transformed Array,Medium,1,0,,,,,
499,361,Bomb Enemy,Medium,1,0,,,,,
500,365,Water and Jug Problem,Medium,1,0,,,,,
501,366,Find Leaves of Binary Tree,Medium,1,0,,,,,
502,368,Largest Divisible Subset,Medium,1,0,,,,,
503,369,Plus One Linked List,Medium,1,0,,,,,
504,370,Range Addition,Medium,1,0,,,,,
505,375,Guess Number Higher or Lower II,Medium,1,0,,,,,
506,377,Combination Sum IV,Medium,1,0,,,,,
507,379,Design Phone Directory,Medium,1,0,,,,,
508,382,Linked List Random Node,Medium,1,0,,,,,
509,385,Mini Parser,Medium,1,0,,,,,
510,386,Lexicographical Numbers,Medium,1,0,,,,,
511,395,Longest Substring with At Least K Repeating Characters,Medium,1,0,,,,,
512,397,Integer Replacement,Medium,1,0,,,,,
513,398,Random Pick Index,Medium,1,0,,,,,
514,399,Evaluate Division,Medium,1,0,,,,,
515,400,Nth Digit,Medium,1,0,,,,,
516,402,Remove K Digits,Medium,1,0,,,,,
517,418,Sentence Screen Fitting,Medium,1,0,,,,,
518,421,Maximum XOR of Two Numbers in an Array,Medium,1,0,,,,,
519,424,Longest Repeating Character Replacement,Medium,1,0,,,,,
520,426,Convert Binary Search Tree to Sorted Doubly Linked List,Medium,1,0,,,,,
521,433,Minimum Genetic Mutation,Medium,1,0,,,,,
522,438,Find All Anagrams in a String,Medium,1,0,,,,,
523,444,Sequence Reconstruction,Medium,1,0,,,,,
524,449,Serialize and Deserialize BST,Medium,1,0,,,,,
525,451,Sort Characters By Frequency,Medium,1,0,,,,,
526,452,Minimum Number of Arrows to Burst Balloons,Medium,1,0,,,,,
527,454,4Sum II,Medium,1,0,,,,,
528,456,132 Pattern,Medium,1,0,,,,,
529,457,Circular Array Loop,Medium,1,0,,,,,
530,464,Can I Win,Medium,1,0,,,,,
531,467,Unique Substrings in Wraparound String,Medium,1,0,,,,,
532,468,Validate IP Address,Medium,1,0,,,,,
533,469,Convex Polygon,Medium,1,0,,,,,
534,470,Implement Rand10() Using Rand7(),Medium,1,0,,,,,
535,474,Ones and Zeroes,Medium,1,0,,,,,
536,477,Total Hamming Distance,Medium,1,0,,,,,
537,484,Find Permutation,Medium,1,0,,,,,
538,487,Max Consecutive Ones II,Medium,1,0,,,,,
539,494,Target Sum,Medium,1,0,,,,,
540,497,Random Point in Non-overlapping Rectangles,Medium,1,0,,,,,
541,503,Next Greater Element II,Medium,1,0,,,,,
542,505,The Maze II,Medium,1,0,,,,,
543,510,Inorder Successor in BST II,Medium,1,0,,,,,
544,515,Find Largest Value in Each Tree Row,Medium,1,0,,,,,
545,516,Longest Palindromic Subsequence,Medium,1,0,,,,,
546,523,Continuous Subarray Sum,Medium,1,0,,,,,
547,524,Longest Word in Dictionary through Deleting,Medium,1,0,,,,,
548,529,Minesweeper,Medium,1,0,,,,,
549,531,Lonely Pixel I,Medium,1,0,,,,,
550,535,Encode and Decode TinyURL,Medium,1,0,,,,,
551,544,Output Contest Matches,Medium,1,0,,,,,
552,545,Boundary of Binary Tree,Medium,1,0,,,,,
553,547,Friend Circles,Medium,1,0,,,,,
554,554,Brick Wall,Medium,1,0,,,,,
555,558,Logical OR of Two Binary Grids Represented as Quad-Trees,Medium,1,0,,,,,
556,562,Longest Line of Consecutive One in Matrix,Medium,1,0,,,,,
557,567,Permutation in String,Medium,1,0,,,,,
558,583,Delete Operation for Two Strings,Medium,1,0,,,,,
559,593,Valid Square,Medium,1,0,,,,,
560,616,Add Bold Tag in String,Medium,1,0,,,,,
561,635,Design Log Storage System,Medium,1,0,,,,,
562,640,Solve the Equation,Medium,1,0,,,,,
563,652,Find Duplicate Subtrees,Medium,1,0,,,,,
564,654,Maximum Binary Tree,Medium,1,0,,,,,
565,659,Split Array into Consecutive Subsequences,Medium,1,0,,,,,
566,662,Maximum Width of Binary Tree,Medium,1,0,,,,,
567,670,Maximum Swap,Medium,1,0,,,,,
568,676,Implement Magic Dictionary,Medium,1,0,,,,,
569,678,Valid Parenthesis String,Medium,1,0,,,,,
570,681,Next Closest Time,Medium,1,0,,,,,
571,684,Redundant Connection,Medium,1,0,,,,,
572,698,Partition to K Equal Sum Subsets,Medium,1,0,,,,,
573,701,Insert into a Binary Search Tree,Medium,1,0,,,,,
574,702,Search in a Sorted Array of Unknown Size,Medium,1,0,,,,,
575,708,Insert into a Sorted Circular Linked List,Medium,1,0,,,,,
576,713,Subarray Product Less Than K,Medium,1,0,,,,,
577,714,Best Time to Buy and Sell Stock with Transaction Fee,Medium,1,0,,,,,
578,722,Remove Comments,Medium,1,0,,,,,
579,723,Candy Crush,Medium,1,0,,,,,
580,731,My Calendar II,Medium,1,0,,,,,
581,735,Asteroid Collision,Medium,1,0,,,,,
582,737,Sentence Similarity II,Medium,1,0,,,,,
583,742,Closest Leaf in a Binary Tree,Medium,1,0,,,,,
584,743,Network Delay Time,Medium,1,0,,,,,
585,750,Number Of Corner Rectangles,Medium,1,0,,,,,
586,752,Open the Lock,Medium,1,0,,,,,
587,763,Partition Labels,Medium,1,0,,,,,
588,764,Largest Plus Sign,Medium,1,0,,,,,
589,769,Max Chunks To Make Sorted,Medium,1,0,,,,,
590,776,Split BST,Medium,1,0,,,,,
591,777,Swap Adjacent in LR String,Medium,1,0,,,,,
592,779,K-th Symbol in Grammar,Medium,1,0,,,,,
593,785,Is Graph Bipartite?,Medium,1,0,,,,,
594,787,Cheapest Flights Within K Stops,Medium,1,0,,,,,
595,790,Domino and Tromino Tiling,Medium,1,0,,,,,
596,791,Custom Sort String,Medium,1,0,,,,,
597,792,Number of Matching Subsequences,Medium,1,0,,,,,
598,794,Valid Tic-Tac-Toe State,Medium,1,0,,,,,
599,799,Champagne Tower,Medium,1,0,,,,,
600,801,Minimum Swaps To Make Sequences Increasing,Medium,1,0,,,,,
601,802,Find Eventual Safe States,Medium,1,0,,,,,
602,807,Max Increase to Keep City Skyline,Medium,1,0,,,,,
603,809,Expressive Words,Medium,1,0,,,,,
604,814,Binary Tree Pruning,Medium,1,0,,,,,
605,817,Linked List Components,Medium,1,0,,,,,
606,833,Find And Replace in String,Medium,1,0,,,,,
607,835,Image Overlap,Medium,1,0,,,,,
608,841,Keys and Rooms,Medium,1,0,,,,,
609,845,Longest Mountain in Array,Medium,1,0,,,,,
610,846,Hand of Straights,Medium,1,0,,,,,
611,853,Car Fleet,Medium,1,0,,,,,
612,855,Exam Room,Medium,1,0,,,,,
613,875,Koko Eating Bananas,Medium,1,0,,,,,
614,881,Boats to Save People,Medium,1,0,,,,,
615,889,Construct Binary Tree from Preorder and Postorder Traversal,Medium,1,0,,,,,
616,894,All Possible Full Binary Trees,Medium,1,0,,,,,
617,900,RLE Iterator,Medium,1,0,,,,,
618,901,Online Stock Span,Medium,1,0,,,,,
619,904,Fruit Into Baskets,Medium,1,0,,,,,
620,907,Sum of Subarray Minimums,Medium,1,0,,,,,
621,912,Sort an Array,Medium,1,0,,,,,
622,926,Flip String to Monotone Increasing,Medium,1,0,,,,,
623,932,Beautiful Array,Medium,1,0,,,,,
624,934,Shortest Bridge,Medium,1,0,,,,,
625,935,Knight Dialer,Medium,1,0,,,,,
626,946,Validate Stack Sequences,Medium,1,0,,,,,
627,947,Most Stones Removed with Same Row or Column,Medium,1,0,,,,,
628,948,Bag of Tokens,Medium,1,0,,,,,
629,950,Reveal Cards In Increasing Order,Medium,1,0,,,,,
630,951,Flip Equivalent Binary Trees,Medium,1,0,,,,,
631,958,Check Completeness of a Binary Tree,Medium,1,0,,,,,
632,963,Minimum Area Rectangle II,Medium,1,0,,,,,
633,979,Distribute Coins in Binary Tree,Medium,1,0,,,,,
634,983,Minimum Cost For Tickets,Medium,1,0,,,,,
635,987,Vertical Order Traversal of a Binary Tree,Medium,1,0,,,,,
636,1007,Minimum Domino Rotations For Equal Row,Medium,1,0,,,,,
637,1023,Camelcase Matching,Medium,1,0,,,,,
638,1024,Video Stitching,Medium,1,0,,,,,
639,1026,Maximum Difference Between Node and Ancestor,Medium,1,0,,,,,
640,1027,Longest Arithmetic Sequence,Medium,1,0,,,,,
641,1031,Maximum Sum of Two Non-Overlapping Subarrays,Medium,1,0,,,,,
642,1038,Binary Search Tree to Greater Sum Tree,Medium,1,0,,,,,
643,1048,Longest String Chain,Medium,1,0,,,,,
644,1055,Shortest Way to Form String,Medium,1,0,,,,,
645,1057,Campus Bikes,Medium,1,0,,,,,
646,1062,Longest Repeating Substring,Medium,1,0,,,,,
647,1066,Campus Bikes II,Medium,1,0,,,,,
648,1079,Letter Tile Possibilities,Medium,1,0,,,,,
649,1087,Brace Expansion,Medium,1,0,,,,,
650,1091,Shortest Path in Binary Matrix,Medium,1,0,,,,,
651,1102,Path With Maximum Minimum Value,Medium,1,0,,,,,
652,1105,Filling Bookcase Shelves,Medium,1,0,,,,,
653,1110,Delete Nodes And Return Forest,Medium,1,0,,,,,
654,1123,Lowest Common Ancestor of Deepest Leaves,Medium,1,0,,,,,
655,1131,Maximum of Absolute Value Expression,Medium,1,0,,,,,
656,1138,Alphabet Board Path,Medium,1,0,,,,,
657,1140,Stone Game II,Medium,1,0,,,,,
658,1143,Longest Common Subsequence,Medium,1,0,,,,,
659,1145,Binary Tree Coloring Game,Medium,1,0,,,,,
660,1155,Number of Dice Rolls With Target Sum,Medium,1,0,,,,,
661,1161,Maximum Level Sum of a Binary Tree,Medium,1,0,,,,,
662,1167,Minimum Cost to Connect Sticks,Medium,1,0,,,,,
663,1188,Design Bounded Blocking Queue,Medium,1,0,,,,,
664,1209,Remove All Adjacent Duplicates in String II,Medium,1,0,,,,,
665,1218,Longest Arithmetic Subsequence of Given Difference,Medium,1,0,,,,,
666,1219,Path with Maximum Gold,Medium,1,0,,,,,
667,1223,Dice Roll Simulation,Medium,1,0,,,,,
668,1233,Remove Sub-Folders from the Filesystem,Medium,1,0,,,,,
669,1244,Design A Leaderboard,Medium,1,0,,,,,
670,1245,Tree Diameter,Medium,1,0,,,,,
671,1254,Number of Closed Islands,Medium,1,0,,,,,
672,1265,Print Immutable Linked List in Reverse,Medium,1,0,,,,,
673,1267,Count Servers that Communicate,Medium,1,0,,,,,
674,1277,Count Square Submatrices with All Ones,Medium,1,0,,,,,
675,1286,Iterator for Combination,Medium,1,0,,,,,
676,1292,Maximum Side Length of a Square with Sum Less than or Equal to Threshold,Medium,1,0,,,,,
677,1296,Divide Array in Sets of K Consecutive Numbers,Medium,1,0,,,,,
678,1300,Sum of Mutated Array Closest to Target,Medium,1,0,,,,,
679,1315,Sum of Nodes with Even-Valued Grandparent,Medium,1,0,,,,,
680,1325,Delete Leaves With a Given Value,Medium,1,0,,,,,
681,1352,Product of the Last K Numbers,Medium,1,0,,,,,
682,1366,Rank Teams by Votes,Medium,1,0,,,,,
683,1376,Time Needed to Inform All Employees,Medium,1,0,,,,,
684,1423,Maximum Points You Can Obtain from Cards,Medium,1,0,,,,,
685,1424,Diagonal Traverse II,Medium,1,0,,,,,
686,1438,Longest Continuous Subarray With Absolute Diff Less Than or Equal to Limit,Medium,1,0,,,,,
687,1447,Simplified Fractions,Medium,1,0,,,,,
688,1466,Reorder Routes to Make All Paths Lead to the City Zero,Medium,1,0,,,,,
689,1477,Find Two Non-overlapping Sub-arrays Each With Target Sum,Medium,1,0,,,,,
690,1504,Count Submatrices With All Ones,Medium,1,0,,,,,
691,1530,Number of Good Leaf Nodes Pairs,Medium,1,0,,,,,
692,44,Wildcard Matching,Hard,1,0,,,,,
693,84,Largest Rectangle in Histogram,Hard,1,0,,,,,
694,85,Maximal Rectangle,Hard,1,0,,,,,
695,99,Recover Binary Search Tree,Hard,1,0,,,,,
696,115,Distinct Subsequences,Hard,1,0,,,,,
697,132,Palindrome Partitioning II,Hard,1,0,,,,,
698,145,Binary Tree Postorder Traversal,Hard,1,0,,,,,
699,154,Find Minimum in Rotated Sorted Array II,Hard,1,0,,,,,
700,158,Read N Characters Given Read4 II - Call multiple times,Hard,1,0,,,,,
701,174,Dungeon Game,Hard,1,0,,,,,
702,185,Department Top Three Salaries,Hard,1,0,,,,,
703,214,Shortest Palindrome,Hard,1,0,,,,,
704,224,Basic Calculator,Hard,1,0,,,,,
705,233,Number of Digit One,Hard,1,0,,,,,
706,248,Strobogrammatic Number III,Hard,1,0,,,,,
707,265,Paint House II,Hard,1,0,,,,,
708,272,Closest Binary Search Tree Value II,Hard,1,0,,,,,
709,296,Best Meeting Point,Hard,1,0,,,,,
710,302,Smallest Rectangle Enclosing Black Pixels,Hard,1,0,,,,,
711,305,Number of Islands II,Hard,1,0,,,,,
712,308,Range Sum Query 2D - Mutable,Hard,1,0,,,,,
713,312,Burst Balloons,Hard,1,0,,,,,
714,317,Shortest Distance from All Buildings,Hard,1,0,,,,,
715,321,Create Maximum Number,Hard,1,0,,,,,
716,327,Count of Range Sum,Hard,1,0,,,,,
717,330,Patching Array,Hard,1,0,,,,,
718,335,Self Crossing,Hard,1,0,,,,,
719,340,Longest Substring with At Most K Distinct Characters,Hard,1,0,,,,,
720,352,Data Stream as Disjoint Intervals,Hard,1,0,,,,,
721,354,Russian Doll Envelopes,Hard,1,0,,,,,
722,358,Rearrange String k Distance Apart,Hard,1,0,,,,,
723,363,Max Sum of Rectangle No Larger Than K,Hard,1,0,,,,,
724,410,Split Array Largest Sum,Hard,1,0,,,,,
725,411,Minimum Unique Word Abbreviation,Hard,1,0,,,,,
726,420,Strong Password Checker,Hard,1,0,,,,,
727,425,Word Squares,Hard,1,0,,,,,
728,432,All O`one Data Structure,Hard,1,0,,,,,
729,440,K-th Smallest in Lexicographical Order,Hard,1,0,,,,,
730,465,Optimal Account Balancing,Hard,1,0,,,,,
731,471,Encode String with Shortest Length,Hard,1,0,,,,,
732,479,Largest Palindrome Product,Hard,1,0,,,,,
733,483,Smallest Good Base,Hard,1,0,,,,,
734,489,Robot Room Cleaner,Hard,1,0,,,,,
735,493,Reverse Pairs,Hard,1,0,,,,,
736,499,The Maze III,Hard,1,0,,,,,
737,527,Word Abbreviation,Hard,1,0,,,,,
738,546,Remove Boxes,Hard,1,0,,,,,
739,552,Student Attendance Record II,Hard,1,0,,,,,
740,564,Find the Closest Palindrome,Hard,1,0,,,,,
741,568,Maximum Vacation Days,Hard,1,0,,,,,
742,587,Erect the Fence,Hard,1,0,,,,,
743,591,Tag Validator,Hard,1,0,,,,,
744,630,Course Schedule III,Hard,1,0,,,,,
745,639,Decode Ways II,Hard,1,0,,,,,
746,660,Remove 9,Hard,1,0,,,,,
747,668,Kth Smallest Number in Multiplication Table,Hard,1,0,,,,,
748,679,24 Game,Hard,1,0,,,,,
749,683,K Empty Slots,Hard,1,0,,,,,
750,685,Redundant Connection II,Hard,1,0,,,,,
751,689,Maximum Sum of 3 Non-Overlapping Subarrays,Hard,1,0,,,,,
752,710,Random Pick with Blacklist,Hard,1,0,,,,,
753,715,Range Module,Hard,1,0,,,,,
754,719,Find K-th Smallest Pair Distance,Hard,1,0,,,,,
755,726,Number of Atoms,Hard,1,0,,,,,
756,727,Minimum Window Subsequence,Hard,1,0,,,,,
757,730,Count Different Palindromic Subsequences,Hard,1,0,,,,,
758,732,My Calendar III,Hard,1,0,,,,,
759,736,Parse Lisp Expression,Hard,1,0,,,,,
760,745,Prefix and Suffix Search,Hard,1,0,,,,,
761,753,Cracking the Safe,Hard,1,0,,,,,
762,759,Employee Free Time,Hard,1,0,,,,,
763,765,Couples Holding Hands,Hard,1,0,,,,,
764,768,Max Chunks To Make Sorted II,Hard,1,0,,,,,
765,770,Basic Calculator IV,Hard,1,0,,,,,
766,773,Sliding Puzzle,Hard,1,0,,,,,
767,774,Minimize Max Distance to Gas Station,Hard,1,0,,,,,
768,778,Swim in Rising Water,Hard,1,0,,,,,
769,780,Reaching Points,Hard,1,0,,,,,
770,803,Bricks Falling When Hit,Hard,1,0,,,,,
771,805,Split Array With Same Average,Hard,1,0,,,,,
772,815,Bus Routes,Hard,1,0,,,,,
773,818,Race Car,Hard,1,0,,,,,
774,827,Making A Large Island,Hard,1,0,,,,,
775,834,Sum of Distances in Tree,Hard,1,0,,,,,
776,839,Similar String Groups,Hard,1,0,,,,,
777,843,Guess the Word,Hard,1,0,,,,,
778,850,Rectangle Area II,Hard,1,0,,,,,
779,854,K-Similar Strings,Hard,1,0,,,,,
780,857,Minimum Cost to Hire K Workers,Hard,1,0,,,,,
781,862,Shortest Subarray with Sum at Least K,Hard,1,0,,,,,
782,864,Shortest Path to Get All Keys,Hard,1,0,,,,,
783,871,Minimum Number of Refueling Stops,Hard,1,0,,,,,
784,887,Super Egg Drop,Hard,1,0,,,,,
785,913,Cat and Mouse,Hard,1,0,,,,,
786,920,Number of Music Playlists,Hard,1,0,,,,,
787,924,Minimize Malware Spread,Hard,1,0,,,,,
788,936,Stamping The Sequence,Hard,1,0,,,,,
789,940,Distinct Subsequences II,Hard,1,0,,,,,
790,943,Find the Shortest Superstring,Hard,1,0,,,,,
791,952,Largest Component Size by Common Factor,Hard,1,0,,,,,
792,960,Delete Columns to Make Sorted III,Hard,1,0,,,,,
793,968,Binary Tree Cameras,Hard,1,0,,,,,
794,975,Odd Even Jump,Hard,1,0,,,,,
795,980,Unique Paths III,Hard,1,0,,,,,
796,982,Triples with Bitwise AND Equal To Zero,Hard,1,0,,,,,
797,992,Subarrays with K Different Integers,Hard,1,0,,,,,
798,996,Number of Squareful Arrays,Hard,1,0,,,,,
799,1000,Minimum Cost to Merge Stones,Hard,1,0,,,,,
800,1032,Stream of Characters,Hard,1,0,,,,,
801,1036,Escape a Large Maze,Hard,1,0,,,,,
802,1074,Number of Submatrices That Sum to Target,Hard,1,0,,,,,
803,1088,Confusing Number II,Hard,1,0,,,,,
804,1096,Brace Expansion II,Hard,1,0,,,,,
805,1121,Divide Array Into Increasing Sequences,Hard,1,0,,,,,
806,1125,Smallest Sufficient Team,Hard,1,0,,,,,
807,1136,Parallel Courses,Hard,1,0,,,,,
808,1153,String Transforms Into Another String,Hard,1,0,,,,,
809,1157,Online Majority Element In Subarray,Hard,1,0,,,,,
810,1168,Optimize Water Distribution in a Village,Hard,1,0,,,,,
811,1192,Critical Connections in a Network,Hard,1,0,,,,,
812,1203,Sort Items by Groups Respecting Dependencies,Hard,1,0,,,,,
813,1206,Design Skiplist,Hard,1,0,,,,,
814,1231,Divide Chocolate,Hard,1,0,,,,,
815,1235,Maximum Profit in Job Scheduling,Hard,1,0,,,,,
816,1240,Tiling a Rectangle with the Fewest Squares,Hard,1,0,,,,,
817,1278,Palindrome Partitioning III,Hard,1,0,,,,,
818,1284,Minimum Number of Flips to Convert Binary Matrix to Zero Matrix,Hard,1,0,,,,,
819,1293,Shortest Path in a Grid with Obstacles Elimination,Hard,1,0,,,,,
820,1312,Minimum Insertion Steps to Make a String Palindrome,Hard,1,0,,,,,
821,1320,Minimum Distance to Type a Word Using Two Fingers,Hard,1,0,,,,,
822,1326,Minimum Number of Taps to Open to Water a Garden,Hard,1,0,,,,,
823,1345,Jump Game IV,Hard,1,0,,,,,
824,1368,Minimum Cost to Make at Least One Valid Path in a Grid,Hard,1,0,,,,,
825,1406,Stone Game III,Hard,1,0,,,,,
826,1444,Number of Ways of Cutting a Pizza,Hard,1,0,,,,,
827,1463,Cherry Pickup II,Hard,1,0,,,,,
828,1483,Kth Ancestor of a Tree Node,Hard,1,0,,,,,
829,1547,Minimum Cost to Cut a Stick,Hard,1,0,,,,,
